Date,Location / Operator,Aircraft Type / Registration,Fatalities
07 Mar 1924,"Grampian, PennsylvaniaUS Aerial Mail Service",De Havilland DH-4327,1/1(0)
24 Apr 1924,Over the English ChannelKLM Royal Dutch Airlines,Fokker F.IIIH-NABS,3/3(0)
08 Jun 1924,"Barranquilla, ColombiaSCADTA",Junkers F-13A16,5/5(0)
01 Aug 1924,United StatesUS Aerial Mail Service,De Havilland DH-4297,1/1(0)
06 Nov 1924,"Cabrerolles, FranceGrands Express Aeriens",Breguet 14F-AFBD,1/1(0)
21 Dec 1924,"Goshen, IndianaUS Aerial Mail Service",De Havilland DH-4311,1/1(0)
24 Dec 1924,"Purley, EnglandImperial Airways",de Havilland DH-34BG-EBBX,8/8(0)
