Date,Location / Operator,Aircraft Type / Registration,Fatalities
04 Jan 1938,"Frankfurt, GermanyLufthansa",Junkers JU-38D-ABUR,6/6(0)
10 Jan 1938,"Bozeman, MontanaNorthwest Orient Airlines",Lockheed 14H Super ElectraNC-17388,10/10(0)
11 Jan 1938,"Pago Pago, U.S. SamoaPan American World Airways",Sikorsky S-42 (flying boat)NC16734,7/7(0)
12 Jan 1938,"North Pine, Ontario, CanadaGeneral Airways",Stinson Reliant SR-9CF-BEI,1/1(0)
02 Feb 1938,"Off San Clemente Island, CaliforniaMilitary - U.S. Navy / Military - U.S. Navy",Consolidated PBY-2 / Consolidated PBY-204062 / 0463,11/14(0)
05 Feb 1938,"Kandalaksha, RussiaTsAGI",V6 (airship)CCCP-V6,13/19(0)
09 Feb 1938,"Guadalupe, MexicoMexicana",Lockheed 10 ElectraXA-BAS,2/2(0)
09 Feb 1938,"Marseille, FranceAir France",Lioré-et-Olivier H-242F-ANPB,8/12(0)
13 Feb 1938,Mediterranean SeaAla Littoria SA,Cant Z-506I-ORIA,14/14(0)
22 Feb 1938,"Pontoise, FranceDeutsche Lufthansa",Junkers JU.52D-APAR,3/3(0)
01 Mar 1938,"Near Wawona, CailiforniaTrans Continental and Western Air",Douglas DC-2-112NC13789,9/9(0)
07 Mar 1938,"Datia, IndiaAir France",Potez 621F-ANQR,7/7(0)
08 Mar 1938,"Somerton, AustraliaAustralian National Airways",De Havilland DH-60VH-UNU,1/1(0)
23 Mar 1938,"Corsavy, FranceAir France",Dewoitine D-338F-AQBB,8/8(0)
30 Apr 1938,"Near Formia, ItalyAla Littoria",Junkers JU-52I-BAUS,19/19(0)
05 May 1938,"Balbuena, MexicoLineas Aéreas Mineras",Lockheed Vega 5BXA-BFR,1/6(0)
10 May 1938,"Mangere, New ZealandUnited Airways of New Zealand",Lockheed 10 ElectraZK-AFC,2/2(0)
16 May 1938,"Near Saugus, CaliforniaNorthwest Orient Airlines",Lockheed 14-H2 Super ElectraNC17394,9/9(0)
22 May 1938,"Sao Paulo, BrazilCruzeiro do Sul",Junkers JU-52/3mPP-CBC,6/17(0)
24 May 1938,"Cleveland, OhioUnited Air Lines",Douglas DST-A-207ANC18108,10/10(0)
27 May 1938,"Alberno Canal, BC, CanadaGinger Coote Airways",Fairchild 51CF-AUX,1/1(0)
27 May 1938,"Langeoog, GermanyDeutsche Lufthansa",Heinkel 116D-ATIO,3/3(0)
08 Jun 1938,"Near Singida, TanzaniaWilson Airways",De Havilland DH-85VP-KBE,3/3(0)
19 Jun 1938,"Mount Mercedario, ChilePan American Grace Airways",Douglas DC-2NC14272,4/4(0)
08 Jul 1938,"Billings, MontanaNorthwest Orient Airlines",Lockheed 14 Super ElectraNC17383,1/10(0)
14 Jul 1938,"Off Sardinia, ItalyAla Littoria",Savoia Marchetti S-66I-VOLO,20/20(0)
19 Jul 1938,AndesPanagra,Douglas DC-2NC14272,4/4(?)
22 Jul 1938,"Stulpica, RomaniaLOT Polish Airlines",Lockheed 14H Super ElectraSP-BNG,14/14(0)
27 Jul 1938,"Kisumu, KenyaImperial Airways",Armstrong-Withworth AtlantaG-ABTG,4/4(0)
29 Jul 1938,Pacific Ocean between Manila and GuamPan American World Airways,Martin M-130 (flying boat)NC14714,15/15(0)
10 Aug 1938,"Debrecen, HungaryMagyar Legiforagalmi",Ford Tri-motor F-VIIIHA-FNC,12/12(0)
10 Aug 1938,"Shishijima, JapanDai Nippon",Douglas DF-151J-ANES,6/6(0)
12 Aug 1938,"Near San Andres Tuxtla, VeraCruz, MexicoMexicana",Lockheed 10E ElectraX-ABAS,11/11(0)
13 Aug 1938,"Kiel, GermanyCSA Czech Airlines",Savoia-Marchetti SM73OK-BAG,16/17(0)
15 Aug 1938,"Guanabara, BrazilSyndicato Condor",Junkers JU-52/3mPP-CAT,9/9(0)
18 Aug 1938,"Bucharest, RomaniaLOT Polish Airlines",Lockheed 14 Super ElectraSP-BNJ,0/7(0)
18 Aug 1938,"Montnago, ItalyMacchi",Macchi C-94I-NILO,15/15(0)
24 Aug 1938,"Wangmoon, ChinaChina National Aviation Corporation",Douglas DC-232,14/17(0)
24 Aug 1938,"Tokyo, JapanJapan Air / Japan Flying School",Unknown / Unknown?,5/5(53)
29 Aug 1938,"Near Tucumcari, New MexicoTranscontinental &Western Air",Ford Tri-motorNC17316,0/11(0)
29 Aug 1938,"Innisfail, AustraliaNorth Queensland Airways",De Havilland DH-84VH-UXK,5/9(0)
01 Oct 1938,"Off Bathurst, GambiaDeutsche Lufthansa",Dornier DO.18 (float plane)D-AROZ,4/4(0)
01 Oct 1938,"Grisons, SwitzerlandDeutsche Lufthansa",Junkers JU-52/3mD-AVFB,13/13(0)
10 Oct 1938,"Soest, GermanySabena",Savbia-Marchetti S-73POO-AGT,20/20(0)
25 Oct 1938,"Mt. Dandenong, AustraliaAustralian National Airways",Douglas DC-2-112VH-UYC,18/18(0)
02 Nov 1938,"Somerset, EnglandBritish Airways",Lockheed 14 ElectraCF-TCL,2/2(0)
04 Nov 1938,"Channel Islands, JerseyJersey Airways",de Havilland DH-86G-ACZN,14/14(1)
14 Nov 1938,"Schiphol, AmsterdamKLM Royal Dutch Airlines",Douglas DC-3PH-ARY,6/19(0)
18 Nov 1938,"Regina, Saskatchewan, CanadaTrans Canada Air Lines",Lockheed 14 ElectraCF-TCL,2/2(0)
26 Nov 1938,"Bathurst, GambiaDeutsche Lufthansa",Junkers JU90V2D-AIVI,12/15(0)
27 Nov 1938,"Bagdad, IraqImperial Airways",Short Empire Flying BoatG-AETW,4/6(0)
29 Nov 1938,"Off Point Reyes, CaliforniaUnited Air Lines",Douglas DC 3-A-SB-3-G-14NC16066,5/7(0)
02 Dec 1938,"Mexico City, MexicoMexicana",Lockheed 10E ElectraX-ABAU,8/8(0)
08 Dec 1938,"Off Kuba Island, OkinawaJapan Aviation Corporation",Nakajima A-T2J-BDOH,10/15(0)
09 Dec 1938,"Amsterdam, NetherlandsKLM Royal Dutch Airlines",Lockheed 14-WF62 Super ElectraPH-APE,4/4(0)
12 Dec 1938,"Darwin, AustraliaQantas",Short S23 ‘C’ Class flying boatG-AEUH,13/13(0)
