Date,Location / Operator,Aircraft Type / Registration,Fatalities
03 Jan 1960,"Taksing, IndiaIndian Airlines",Douglas C-47AVT-CGG,9/9(0)
06 Jan 1960,"Wilmington/Bolivia, North CarolinaNational Airlines",Douglas DC-6BN8225H,34/34(0)
10 Jan 1960,Gulf of SirteMilitary - U.S. Army,de Havilland Canada U-1A Otter55-2974,10/10(0)
18 Jan 1960,"Charles City, VirginiaCapital Airlines",Vickers Viscount 745DN7462,50/50(0)
19 Jan 1960,"Ankara, TurkeyScandinavian Airlines (SAS)",Sud Aviation Caravelle 1OY-KRB,42/42(0)
21 Jan 1960,"Montego Bay, JamaciaAVIANCA",Lockheed 1049E Super ConstellationHK-177,37/46(0)
26 Jan 1960,"Off Bathurst Island, AustraliaTransportes Aéreos de Timor",de Havilland DH-114 Heron 2DCR-TAI,9/9(0)
05 Feb 1960,"Cochabamba, BoliviaLloyd Aereo Boliviano",Douglas DC-4CP-609,59/59(0)
25 Feb 1960,"Rio de Janeiro, BrazilREAL / Military - U.S. Navy",Douglas DC-3 / USN R4-D6PP-AXD/131582,61/64(0)
26 Feb 1960,"Lvov-Snilow, UkraineAeroflot",Antonov 10ACCCP-11180,32/33(0)
26 Feb 1960,"Shannon, IrelandAlitalia",Douglas DC-7CI-DUVO,34/52(0)
15 Mar 1960,"El Refugio, ColombiaAgencia Interamericana de Aviada",Consolidated PBY-5A CatalinaHK-1001E,6/13(0)
16 Mar 1960,"Nagoya, JapanAll Nippon Airways",Douglas DC-3JA-5018,5/40(0)
17 Mar 1960,"Near Cannelton, 10 mile SE of Tell City, IndianaNorthwest Orient Airlines",Lockheed 188C ElectraN121US,63/63(0)
19 Mar 1960,"Cordoba, ColombiaSAMSA",Curtiss C-46HK-516,25/46(0)
05 Apr 1960,"Siuna, NicaraguaLanica",Curtiss C-46A-40-CUAN-AIN,2/18(0)
12 Apr 1960,"Pelotas, BrazilCruzeiro",Douglas DC-3PP-CDS,10/22(0)
14 Apr 1960,"Taipei,TaiwanMilitary - Royal Thai Air Force",Douglas DC-4?,18/18(0)
18 Apr 1960,"Stephenville, NewfoundlandMilitary - U.S. Air Force",Douglas C-124C Globemaster52-1062,9/9(0)
19 Apr 1960,"Bogota, ColombiaLloyd Aereo Colombiano",Curtiss C-46HK-390,37/51(0)
20 Apr 1960,"Hickory, North CarolinaPiedmont Airlines / Private",Fairchild F-27 / Cessna 310N2704R/N1807H,4/44(0)
22 Apr 1960,"Bunia, Belgian CongoSobelair SA (Belgium)",Douglas C-54BOO-SBL,35/35(0)
28 Apr 1960,"Near Calabozo, VenezuelaLinea Aeropostal Venezolana",Douglas DC-3YV-C-AFE,13/13(0)
15 May 1960,"Jebel Marra, SudanBalair",Douglas DC-4-1009HB-ILA,12/12(0)
18 May 1960,"El Sosneado, ArgentinaTransamerican Air Transport",Curtiss C-46LV-GGJ,9/9(0)
23 May 1960,"Atlanta, GeorgiaDelta Air Lines",Convair CV-880N8804E,4/4(0)
10 Jun 1960,"Nea Tkvarcheli, GeorgiaAeroflot",Ilyushin IL-14PCCCP-91571,31/31(0)
10 Jun 1960,"Off Mackay, Qld. AustraliaTrans Australia Airlines",Fokker F-27 Friendship 100VH-TFB,29/29(0)
14 Jun 1960,"Mt. Gilbert, AlaskaPacific Northern Airlines",Lockheed 749A-79-32 ConstellationN1554V,14/14(0)
24 Jun 1960,"Rio de Janeiro, BrazilREAL",Convair CV-340-62PP-YRB,54/54(0)
06 Jul 1960,"Off Barnegat City, New JerseyMilitary - U.S. Navy",Goodyear ZPG-3W (airship)144242,18/21(0)
10 Jul 1960,Persian GulfGulf Aviation (Kalinga Airways),Douglas DC-3VT-DGS,20/20(0)
11 Jul 1960,"Near Quito, EcuadorMilitary - U.S. Misson",Douglas C-47B-DK45-1109A,18/18(0)
14 Jul 1960,"Off Manila, PhilippinesNorthwest Orient Airlines",Douglas DC-7CN292,1/58(0)
15 Jul 1960,"Near Jima, EthiopiaEthiopian Airlines",Douglas DC-3ET-T-18,1/11(0)
16 Jul 1960,"Copenhagen, DenmarkFlyve Tjenesten",de Havilland DH-89 Dragon RapideOY-DZY,8/9(0)
19 Jul 1960,"Near Goma, ZaireMilitary - Royal Belgian Air Force",Fairchild C-119GCP-36,37/41(0)
20 Jul 1960,"Near Syktyvkar, RussiaAeroflot",Ilushin IL-14CCCP-61696,23/23(0)
27 Jul 1960,"Forest Park, IllinoisChicago Helicopter Airways",Sikorsky S-58C helicopterN879,13/13(0)
31 Jul 1960,"Near Rimini, ItalyDeutsche Flugdienst",Convair CV-240-4 D-BELU,1/34(0)
01 Aug 1960,"Near Tipuani, BoliviaTAM (Bolivia)",Douglas C-47TAM-09,6/6(0)
17 Aug 1960,"Near Kiev, UkraineAeroflot",Ilyushin IL-18BCCCP-75705,34/34(0)
17 Aug 1960,"Near El Kelaa, MoroccoMilitary - French Naval Aviation",Avro Lancaster 1WU-26,20/20(0)
24 Aug 1960,"Off Heraklion, GreeceDon Everall Aviation",Vickers 634 Viking 1BG-AMNK,3/3(0)
29 Aug 1960,"Off Dakar, SenegalAir France",Lockheed 1049G Super ConstellationF-BHBC,63/63(0)
02 Sep 1960,"Near Zikhnovo, RussiaAeroflot",Ilyushin IL-14PCCCP-04200,18/18(0)
07 Sep 1960,"Near Salto, UruguayAerolineas Argentinas",Douglas DC-6LV-ADS,31/31(0)
19 Sep 1960,"Agana, Guam, Mariana IslandsWorld Airways",Douglas DC-6ABN90779,80/94(0)
22 Sep 1960,"Off Naha, OkinawaMilitary - U.S. Navy",Douglas R5D-356541,29/29(0)
22 Sep 1960,"Campbell Lake, Quebec CanadaWheeler Airlines",Noorduyn NorsemanCF-FOJ,3/4(0)
26 Sep 1960,"Moscow, RussiaAustrian Airlines",Vickers Viscount 837OE-LAF,31/37(0)
28 Sep 1960,"Near Juchetipec, MexicoMexicana",Douglas DC-3 (C-53-DO)XA-HUS,8/18(0)
29 Sep 1960,"Off Elba, ItalyUnited Arab Airlines",Vickers Viscount 739BSU-AKW,21/21(0)
04 Oct 1960,"Boston, MassachusettsEastern Air Lines",Lockheed 188A ElectraN5533,62/72(0)
14 Oct 1960,"Elba, ItalyItavia",de Havilland DH-114 Heron 2I-AOMA,11/11(0)
15 Oct 1960,"Plain City, UtahCapitol Airways",Curtiss C-46FN1300N,2/2(0)
21 Oct 1960,"Ust-Orda, RussiaAeroflot",Tupolev Tu-104ACCCP-42452,3/3(0)
28 Oct 1960,"Near Missoula, MontanaNorthwest Orient Airlines",Douglas C-54A-DCN48762,12/12(0)
29 Oct 1960,"Key West, FloridaCubana de Aviacion",Douglas DC-3?,1/37(0)
29 Oct 1960,"Toledo, OhioArctic Pacific",Curtiss C-46F-1-CUN1244N,22/48(0)
05 Nov 1960,"Bhairawa, NepalRoyal Nepal Airlines",Douglas C-47A9N-AAD,4/4(0)
07 Nov 1960,"Near Quito, EcuadorAREA",Fairchild F-27AHC-ADV,37/37(0)
23 Nov 1960,"Manila, PhilippinesPhilippine Air Lines",Douglas DC-3PI-C133,33/33(0)
04 Dec 1960,"Chernovo, RussiaAeroflot",Ilyushin 14M CCCP-52091,14/14(0)
07 Dec 1960,"Cachimbo, BrazilREAL",Curtiss C-46A-60-CKPP-AKF,15/15(0)
11 Dec 1960,"San Andres de Giles, ArgentinaMilitary - Argentine Air Force",Avro 691 Lancastrian IVT-102,31/31(0)
16 Dec 1960,"Staten Island / Brooklyn, New YorkUnited Air Lines / Trans World Airlines",MD DC-8-11 / Lockheed 1049 S ConstN8013U/N6907C,128/128(6)
17 Dec 1960,"Munich, West GermanyMilitary - U.S. Air Force",Convair C-131D (CV-340-79)55-291,20/20(31)
22 Dec 1960,"Cebu City, PhilippinesPhilippine Air Lines",Douglas DC-3PI-C126,28/37(0)
26 Dec 1960,"Near Ulyanovsk, RussiaAeroflot",Ilyushin IL-18ACCCP-75651,17/17(0)
