Date,Location / Operator,Aircraft Type / Registration,Fatalities
02 Jan 1961,"Ruzyne, CzechoslovakiaCeskoslovenske Aerolinie",Avia 14OK-MCZ,10/10(0)
03 Jan 1961,"Koivulahti, FinlandFinnair",Douglas DC-3OH-LCC,25/25(0)
19 Jan 1961,"New York, New York (Idlewild)Aeronaves de Mexico",McDonnell Douglas DC-8-21XA-XAX,4/106(0)
22 Jan 1961,Midway Island Naval Air StationMilitary - U.S. Navy,Lockheed WV-2 Super ConstellationBU143193,6/22(3)
24 Jan 1961,"Mt. Burangrang, IndonesiaGaruda Indonesia Airlines",Douglas DC-3PK-GDI,21/21(0)
24 Jan 1961,"Goldsboro, North CarolinaMilitary - US Air Force",Boeing B-52G Stratofortress58-0187,3/8(0)
26 Jan 1961,"Trinity Bay, NewfoundlandMilitary - U.S. Air Force",Douglas C-118A Liftmaster51-17626,23/23(0)
28 Jan 1961,"Off Montauk Point, New YorkAmerican Airlines",Boeing 707-123N7502A,6/6(0)
03 Feb 1961,"Off Surabaya, IndonesiaGaruda Indonesia Airlines",Douglas DC-3PK-GDY,26/26(0)
15 Feb 1961,"Near Brussels, BelgiumSabena",Boeing B-707-320OO-SJB,72/72(1)
09 Mar 1961,"Near Caracas, VenezuelaLinea Aeropostal Venezolana",Douglas DC-3YV-C-AZQ,12/12(0)
25 Mar 1961,"Near Natal, BrazilMilitary - Brazilian Air Force",Douglas C-47DLC-47-2055,23/28(0)
28 Mar 1961,"Forcheim, GermanyCeskoslovenske Aerolinie",Ilyushin IL-18OK-OAD,52/52(0)
03 Apr 1961,"Llico, ChileLAN",Douglas DC-3CC-CLD-P210,24/24(0)
18 Apr 1961,"Mount Parker, Hong KongMilitary - US Air Force",C-47(DC-3)43-49014,14/15(0)
10 May 1961,"Ghadames, AlgeriaAir France",Lockheed 1649A StarlinerF-BHBM,78/78(0)
24 May 1961,"Near Tacoma, WashingtonMilitary - U.S. Air Force",Douglas C-124A-DL51-0174,22/22(0)
29 May 1961,SingaporeMilitary - Royal Air Force,Handley Page Hastings C-2WD497,13/13(0)
30 May 1961,"Near Lisbon, PortugalKLM Royal Dutch Airlines",McDonnell Douglas DC-8-53PH-DCL,61/61(0)
12 Jun 1961,"Cairo, EgyptKLM Royal Dutch Airlines",Lockheed L-188C ElectraPH-LLM,20/36(0)
13 Jun 1961,"Douala, CameroonAir Cameroon",Douglas DC-4TJ-ABC,5/5(0)
17 Jun 1961,"Near Kano, NigeriaContinentale Deutsche Luftreederei",Douglas C-54B-1-DCD-ABEB,1/7(0)
30 Jun 1961,"Buenos Aires, ArgentinaTranscontinental",Curtiss C-46ALV-FTO,24/35(0)
08 Jul 1961,"Sverdlovsk, RussiaAeroflot",Ilyushin IL-14PCCCP-41848,9/26(0)
10 Jul 1961,"Odessa, Ukraine, USSRAeroflot",Tupolev TU-104BCCCP-42447,1/85(0)
11 Jul 1961,"Denver, ColoradoUnited Air Lines",McDonnell Douglas DC-8-12N8040U,17/122(1)
12 Jul 1961,"Casablanca, MoroccoCeskoslovenske Aerolinie",Ilyushin IL-18BOK-PAF,72/72(0)
19 Jul 1961,"Near Azul, ArgentinaAerolineas Argentinas",Douglas DC-6LV-ADW,67/67(0)
21 Jul 1961,"Shemya, AlaskaAlaska Airlines",Douglas DC-6AN6118C,6/6(0)
06 Aug 1961,"Budapest, HungaryMalev Hungarian Airlines",Douglas DC-3HA-TSA,27/27(3)
09 Aug 1961,"Sola, NorwayCunard Eagle Airways",Vickers Viking 3BG-AHPM,39/39(0)
29 Aug 1961,"Sondreströmfjord, GreenlandEastern Provincial Airways",de Havilland Canada DHC-3 OtterCF-MEX,1/6(0)
01 Sep 1961,"Near Hinsdale, IllinoisTrans World Airlines",Lockheed 049 ConstellationN86511,78/78(0)
05 Sep 1961,"Near Sendafar, EthiopiaEthiopian Airlines",Douglas DC-3ET-T-16,5/19(0)
06 Sep 1961,"Concordia, SC, BrazilREAL Transportes Aereos",Douglas C-47A (DC-3)PP-AVL,4/4(?)
06 Sep 1961,"Cerro del Aernal, Costa RicaLineas Aéreas Costarricenses",Douglas DC-3TI-1006C,2/2(0)
10 Sep 1961,"Shannon, IrelandPresident Airlines",Douglas DC-6BN90773,83/83(0)
12 Sep 1961,"Near Rabat, MoroccoAir France",Sud-Aviation Caravelle IIIF-BJTB,77/77(0)
17 Sep 1961,"Ndola, ZambiaTransair Sweden",Douglas DC-6BSE-BDY,16/16(0)
17 Sep 1961,"Chicago, IllinoisNorthwest Orient Airlines",Lockheed 188C ElectraN137US,37/37(0)
23 Sep 1961,"Ankara, TurkeyTurkish Airlines (THY)",Fokker F-27 Friendship 100TC-TAY,28/29(0)
07 Oct 1961,"Mt. Canigou, FranceDerby Aviation",Douglas DC-3G-AMSW,34/34(0)
10 Oct 1961,"El Adem, LibyaMilitary - Royal Air Force",Handley Page Hastings C-2WD498,17/37(0)
01 Nov 1961,"Les Prevosts, GuernseySilver City Airways",Bristol 170 Freighter 31MG-ANWL,2/10(0)
01 Nov 1961,"Near Recife, BrazilPanair do Brasil",Douglas DC-7CPP-PDO,45/88(0)
08 Nov 1961,"Near Richmond, VirginiaImperial Airways",Lockheed C-69 ConstellationN2737A,76/79(0)
11 Nov 1961,Off Puerto RicoAir Haiti International,Lockheed L-749A ConstellationHH-ABA,3/3(0)
21 Nov 1961,"Mt Ruapehu, North Island, New ZealandBay of Plenty Airways",Aero Commander 680FZK-BWA,6/6(0)
22 Nov 1961,"Harare, ZimbabweRhodesian Air Services",?VP-YRX,3/3(0)
23 Nov 1961,Sao ToméMilitary - Força Aérea Portuguesa,Douglas C-54 Skymaster?,21/35(0)
23 Nov 1961,"Campinas, BrazilAerolineas Argentinas",de Havilland Comet 4LV-AHR,52/52(0)
30 Nov 1961,"Sydney, NSW, AustraliaAnsett ANA",Vickers Viscount 720VH-TVC,15/15(0)
04 Dec 1961,"Mainz, GermanyLufthansa",Boeing 720-030BD-ABOK,3/3(0)
12 Dec 1961,"Chievres, BelgiumMilitary - Belgian Air Force",Fairchild C-119G / Fairchild C-119CP-23 / CP-25,13/13(8)
15 Dec 1961,"Managua, NicaraguaLanica",Curtiss C-46AN-AOE,2/2(0)
17 Dec 1961,"Near Chebotovka, RussiaAeroflot",Ilyushin IL-18BCCCP-75654,59/59(0)
21 Dec 1961,"Ankara, TurkeyBritish European Airways",de Havilland Comet 4BG-ARJM,27/34(0)
24 Dec 1961,"Old Harbor, Kodiak Island, AlaskaKodiak Airways",Grumman G-21A GooseN1503V,1/5(0)
29 Dec 1961,"Surabaya, IndonesiaGaruda Indonesia Airlines",Douglas DC-3PK-GDZ,14/14(0)
31 Dec 1961,"Near Mineral Waters, RussiaAeroflot",Ilyushin IL-18BCCCP-75757,32/119(0)
