Date,Location / Operator,Aircraft Type / Registration,Fatalities
09 Jan 1964,"Zarate, ArgentinaAerolineas Litoral Argentina",Douglas DC-3LV-FYJ,28/30(0)
03 Feb 1964,"Near Ankara, TurkeyTurkish Airlines (THY)",Douglas C-47ATC-ETI,3/3(0)
03 Feb 1964,"Gainsville, FloridaSouth Central Airlines",Beech D18SN2999,10/10(0)
04 Feb 1964,"Yacuiba, BoliviaLloyd Aéreo Boliviano",Douglas DC-3CP- 568,2/29(0)
18 Feb 1964,"Banihal Pass, IndiaMilitary - Indian Air Force",Ilyushin IL-14?,13/13(0)
21 Feb 1964,"Marawi, PhilippinesPhilippine Air Lines",Douglas DC-3PI-C97,31/32(0)
25 Feb 1964,"Lake Pontchartrain, New Orleans, LouisianaEastern Air Lines",McDonnell Douglas DC-8-21N8607,58/58(0)
27 Feb 1964,"Oita, JapanFuji Airlines",Convair CV-240-0JA5098,20/42(0)
29 Feb 1964,"Near Innsbruck, AustriaBritish Eagle International Airlines",Bristol Britannia 312G-AOVO,83/83(0)
01 Mar 1964,"Near Zephyr Cove, NevadaParadise Airlines",Lockheed 049 ConstellationN86504,85/85(0)
04 Mar 1964,"Barrackpore, IndiaMilitary - Indian Air Force",Fairchild C-119?,22/22(0)
08 Mar 1964,Near Chicago IllinoisSnow Valley Ski Lines,Douglas DC-3N410D,1/30(0)
08 Mar 1964,"Bogota, ColombiaTaxi Aereo de Santander",Douglas DC-3HK-862,28/28(0)
10 Mar 1964,"Boston, MassachutesSlick Airways - Cargo",Douglas DC-4N384,3/3(0)
12 Mar 1964,"Miles City, MontanaFrontier Airlines",Douglas DC-3CN61442,5/5(0)
20 Mar 1964,"Near Danbury, North CarolinaCommercial Air Taxi",Piper PA-23N4320P,3/3(0)
28 Mar 1964,"Mt. Vesuvius, ItalyAlitalia",Vickers Viscount 785DI-LAKE,45/45(0)
28 Mar 1964,North Pacific OceanPrivate - Facilities Management Co.,Douglas C-54A-10-DCN4726V,9/9(0)
12 Apr 1964,"Hargeisa, SomaliaAden Airways",Douglas DC-3VR-AAM,15/15(0)
17 Apr 1964,"Dhahran, Saudi ArabiaMiddle East Airlines",Sud Aviation Caravelle 3OD-AEM,49/49(0)
17 Apr 1964,"Elim, AlaskaWein Alaska Airlines Inc.",Cessna 185N9984X,2/2(0)
18 Apr 1964,"Wilmington, OhioMilitary - US Air Force",Fairchild C-119G / Fairchild C-119G?,17/19(?)
07 May 1964,"San Ramon, CaliforniaPacific Air Lines",Fairchild F-27AN2770R,44/44(0)
08 May 1964,"Near Lima, PeruFuerza Aérea Argentina",Douglas C-54T-47,46/49(0)
11 May 1964,"Off Rota, SpainMilitary - US Air Navy",Lockheed P-2E Neptune131481,10/10(0)
11 May 1964,"Papanga, PhilippinesMilitary - U.S. Air Force",Boeing C-135B62-0332,79/84(1)
20 May 1964,"Sibuco Point ,PhilippinesPhilippine Air Lines",de Havilland Canada DHC-3 OtterPI-C51,11/11(0)
27 May 1964,"Itapecerica da Serra, BrazilVASP",Douglas C-47-DL (DC-3)PP-SPZ,3/3(0)
13 Jun 1964,"Jeddah, Saudia Arabia Jeddah, Saudia ArabiaSaudi Arabian Airlines",Douglas C-47AHZ-AAN,2/2(0)
20 Jun 1964,"Taichung, TaiwanCivil Air Transport",Curtiss C-46-CUB-908,57/57(0)
21 Jun 1964,"Off Palma de Mallorca, SpainTASSA",Douglas DC-3EC-AQH,1/28(0)
08 Jul 1964,"Knoxville, TennesseeUnited Air Lines",Caravelle VIRN1007U,1/53(0)
09 Jul 1964,"Parrottsville, TenneseeUnited Air Lines",Vickers Viscount 745DN7405,39/39(0)
15 Jul 1964,"Ansbach, GermanyLufthansa",Boeing 720D-ABDOP,3/3(0)
16 Jul 1964,"Richmond, VirginiaEastern Air Lines",Douglas DC-7BN809D,0/76(0)
31 Jul 1964,"Near Nashville, TenneseePrivate",Beechcraft 35-B33 DebonairN8972M,2/2(0)
22 Aug 1964,"Near Tipuani, BoliviaServicios Aéreos Cochabamba",Douglas C-47A-25-DKCP-680,4/4(0)
02 Sep 1964,"Island of Sakhalin, RussiaAeroflot",Ilyushin IL-18BCCCP-75531,87/87(0)
04 Sep 1964,"Near Vaong Nong, ThailandMilitary - Royal Thai Air Force",Douglas C-47?,28/34(0)
04 Sep 1964,"Pico da Caledonia, BrazilVASP",Vickers Viscount 710CPP-SRR,39/39(0)
15 Sep 1964,"Near Condoto, ColombiaAVIANCA",Douglas C-47AHK-319,2/2(0)
02 Oct 1964,"Addis Ababa, EthiopiaInterocean",Lockheed L-749A-79 ConstellationLX-IOK,1/7(0)
02 Oct 1964,"Near Trevelez, Granada, SpainUnion des Transportes Aeriens",Douglas DC-6BF-BHMS,80/80(0)
09 Oct 1964,"Near Sibiu, RomaniaTarom",Ilyushin IL-14YR-ILB,32/32(0)
19 Oct 1964,"Near Belgrade, YugoslaviaMilitary - Soviet Air Force",Ilyushin IL-18CCCP-75668,33/33(0)
27 Oct 1964,"El Centro, CaliforniaMilitary - US Navy",Douglas A-3D Skywarrior?,3/3(6)
03 Nov 1964,"Branson, ColoradoMustang Aviati",Beechcraft C45GN2849G,5/5(0)
15 Nov 1964,"Las Vegas, NevadaBonanza Airlines",Fairchild F-27AN745L,29/29(0)
17 Nov 1964,"Off Argentia, Newfoundland, CanadaMilitary - U.S. Navy",Lockheed P-3A151362,10/10(0)
20 Nov 1964,"Angelholm, SwedenLinjeflyg",Convair CV-440SE-CCK,31/43(0)
23 Nov 1964,"Rome, ItalyTrans World Airlines",Boeing B-707-331N769TW,50/73(0)
29 Nov 1964,"Leopoldville, Democratic Republic of the CongoAir Congo (BIAS)?",Douglas DC-4OO-DEP,6/14(0)
08 Dec 1964,"Tripuani, BoliviaAerolineas Abaroa",Douglas DC-3CP-639,17/17(0)
11 Dec 1964,"Near Da Nang, South VietnamMilitary - Vietnamese Air Force",Fairchild C-123?,38/38(0)
21 Dec 1964,"Near Kaliba, PhilippinesFleming Airways System Transport",Douglas DC-3PI-C569,1/39(0)
24 Dec 1964,"Yurimaguas, PeruSATCO",Douglas DC-3OB-XAU,1/23(0)
24 Dec 1964,"Near San Francisco, CaliforniaFlying Tiger Line",Lockheed L-1049H Super ConstellationN6915C,3/3(0)
29 Dec 1964,"Near Turrialba, Costa RicaLineas Aéreas Sud Americana",Curtiss C-46CC-CAN,5/5(0)
30 Dec 1964,"Detroit, MichiganZantop Air Transport",Curtis C-46AN608Z,4/4(0)
