Date,Location / Operator,Aircraft Type / Registration,Fatalities
02 Jan 1969,"Tyonek, AlaskaERA Helicopter",Bell 205AN4048G,2/2(0)
02 Jan 1969,"Mt. Paku, TaiwanChina Airlines (Taiwan)",Douglas DC-3DB-309,24/24(0)
05 Jan 1969,"Gatwick Airport, Horley, Surrey, EnglandAriana Afghan Airlines",Boeing B-727-113CYA-FAR,48/62(2)
06 Jan 1969,"Near Bradford, PennsylvaniaAllegheny Airlines",Convair CV-580N5825,11/28(0)
13 Jan 1969,"Off Los Angeles, CaliforniaScandinavian Airlines (SAS)",McDonnell Douglas DC-8-62LN-MOO,15/45(0)
16 Jan 1969,"Near Hue, VietnamAir America",Douglas C-47 Skytrain (DC-3)949,12/12(0)
18 Jan 1969,"Off Los Angeles, CaliforniaUnited Air Lines",Boeing B-727-22QCN7434U,38/38(0)
18 Feb 1969,"Near Lone Pine, CaliforniaMineral County Airlines",Douglas DC-3N15570,35/35(0)
24 Feb 1969,"Tainan, TaiwanFar Eastern Air Transport",Handley Page Dart Herald 201B-2009,36/36(0)
05 Mar 1969,"San Juan, Puerto RicoPrinair",de Havilland DH-114 Heron 2DN563PR,19/19(0)
08 Mar 1969,Atlantic OceanContinental Air Transport,Douglas DC-4N3821,3/3(0)
13 Mar 1969,"Minchumina, AlaskaWien Consolidated Airlines",de Havilland DHC-6N4901,1/5(0)
16 Mar 1969,"Maracaibo, Zulia, VenezuelaVenezolana Internacional de Aviacion",McDonnell Douglas DC-9-32YV-C-AVD,84/84(71)
20 Mar 1969,"Near Aswan, EgyptUnited Arab Airlines",Ilyushin IL-18DSU-APC,100/105(0)
20 Mar 1969,"New Orleans, LouisianaAvion Airways",Douglas DC-3N142D,16/27(0)
02 Apr 1969,"Zawoja, PolandLOT Polish Airlines",Antonov AN-24VSP-LTF,53/53(0)
02 Apr 1969,"Near Quang Tri, South VietnamMilitary - U.S. Army",Boeing Vertol CH47C (helicopter)67-18523,24/78(0)
02 Apr 1969,"Off New Providence Island, BahamasIslands of the Bahamas Inc",Curtiss C-46FN3914,2/2(0)
07 Apr 1969,"Sept-Îles, Quebec, CanadaAir Canada",Vickers 757 ViscountCF-THK,1/21(0)
15 Apr 1969,"Off Chongjin, North KoreaMilitary - U.S. Navy",Lockheed EC-121M135749,31/31(0)
16 Apr 1969,"Kinshasa, ZaireWigmo",Curtiss C-469T-PLJ,45/45(0)
21 Apr 1969,"Khulna, East PakistanIndian Airlines",Fokker F-27 Friendship 100VT-DOJ,44/44(0)
24 Apr 1969,"Near Takoradi, GhanaGhana Airways",Douglas DC-39G-AAF,1/33(0)
06 May 1969,"Near Chon Thanh, South VietnamMilitary - U.S. Army",Boeing Vertol CH47A (helicopter)66-19029,30/74(0)
07 May 1969,"Medford, New JerseyFlying W Airways",Curtiss C-46FN1243N,2/2(0)
23 May 1969,"Near Lashio, BurmaUnion of Burma Airways",Douglas C-47XY-ACR,6/6(0)
25 May 1969,"Reggio di Calabria, ItalyAero Transporti Italiani",Fokker F-27 Friendship 600I-ATIT,1/36(0)
04 Jun 1969,"Near Salinas Victoria, Nuevo Leon, MexicoCompania Mexicana de Aviacion",Boeing B-727-64XA-SEL,79/79(0)
05 Jun 1969,"Off Andreanof Islands, AlaskaMilitary - U.S. Air Force",Boeing RC-135E62-4137,19/19(0)
23 Jun 1969,"Near Poroslitsy, RussiaAeroflot",Ilyushin IL-14M / Antonov An-12BPCCCP-52018,120/120(0)
28 Jun 1969,"Near Talas, KyrgyzstanAeroflot",Ilyushin IL-14CCCP-91495,40/40(0)
06 Jul 1969,"Near Monroe, GeorgiaAir South",Beechcraft B-99N844NS,14/14(0)
12 Jul 1969,"Hitauda, NepalRoyal Nepal Airlines",Douglas DC-39N-AAP,35/35(0)
15 Jul 1969,"New York City, New YorkNew York Airways",de Havilland Canada DHC-6 Twin Otter 200N558MA,3/14(0)
25 Jul 1969,"Kekaha, HawaiiTrans Isle Air",De Havilland DH-104 DoveN88G,1/13(0)
26 Jul 1969,"Biskra, AlgeriaAir Algerie",Sud Aviation SE-210 Caravelle 6N7T-VAK,33/37(0)
26 Jul 1969,"Atlantic City, New JerseyTrans World Airlines",Boeing 707-331CN787TW,5/5(0)
03 Aug 1969,"Preobrazhenka, UkraineAeroflot",Antonov An-24B CCCP-46248,55/55(0)
03 Aug 1969,"Uli , NigeriaCanairelief Air",Lockheed L-1049H Super ConstellationCF-NAJ,4/4(0)
19 Aug 1969,"Near Long Tieng, LaosAir America",Pilatus Pc-6CN196X,13/13(0)
25 Aug 1969,"Sucre, EcuadorTAO",Douglas C-47BHC-ALK,1/1(0)
26 Aug 1969,"Moscow, RussiaAeroflot",Ilyushin IL-18 CCCP-75708,16/102(0)
26 Aug 1969,"Khovu-Aksy, RussiaAeroflot",Antonov AN-2CCCP-41971,14/14(0)
31 Aug 1969,"Newton, IowaPrivate Charter",Cessna 172HN3149X,3/3(0)
01 Sep 1969,"Cross Bay, RussiaAeroflot",Ilyushin IL-14PCCCP-61731,22/27(0)
02 Sep 1969,"Near Pakse, LaosMilitary - Royal Lao Air Force",Douglas C-47248,35/35(0)
06 Sep 1969,"Quito, EcuadorTAME Ecuador",Douglas DC-3?,1/16(?)
08 Sep 1969,"Near Medina, ColombiaSATENA",Douglas DC-3FAC-685,32/32(0)
09 Sep 1969,"Near Fairland, IndianaAllegheny Airlines / Forth Corporation",MD Douglas DC-9-31/Piper Cherokee PA-28N988VJ/N7374J,83/83(0)
12 Sep 1969,"Near Antipolo, PhilippinesPhilippine Air Lines",BAC One-Eleven 402APPI-C1131,45/47(0)
14 Sep 1969,"Londrina-Parana, BrazilVASP",Douglas DC-3PP-SPP,20/21(0)
17 Sep 1969,"Campbell River, CanadaPacific Western Airlines",Convair CV-640CF-PWR,4/15(0)
20 Sep 1969,"Near Hoi An, VietnamAir Vietnam (South Vietnam)",Douglas DC-4 / USAF F-4EXV-NUG,74/76(2)
21 Sep 1969,"Mexico City, MexicoMexicana",Boeing B-727-64XA-SEJ,27/118(0)
26 Sep 1969,"Near La Paz, BoliviaLloyd Aereo Boliviano",Douglas DC-6BCP-698,74/74(0)
26 Sep 1969,"Uli, NigeriaNordchurchaid",Boeing C-97N52676,5/5(0)
02 Oct 1969,Gulf of TonkinMilitary - U.S. Navy,Grumman C-2A152796,26/26(0)
13 Oct 1969,"Nizhnevartovsk, RussiaAeroflot",Antonov An-24BCCCP-47772,24/56(0)
09 Nov 1969,"Timmins, Ontario ,CanadaAustin Airways",Douglas C-47BCF-AAL,2/4(0)
13 Nov 1969,"Near Anderma, RussiaAeroflot",Antonov An-12TBCCCP-11376,12/12(0)
19 Nov 1969,"Mt. Pilot Knob, Glens Falls, New YorkMohawk Airlines",Fairchild-Hiller FH-227BN7811M,14/14(0)
20 Nov 1969,"Near Ikeja, NigeriaNigeria Airways",BAC VC-10-11015N-ABD,87/87(0)
03 Dec 1969,"Off Caracas, VenezuelaAir France",Boeing B-707-328BF-BHSZ,62/62(0)
05 Dec 1969,"Nnear Albuquerque, New MexicoPrivate",Lockheed 18-08 Lodestar	N410M,9/9(0)
06 Dec 1969,"Near Khantanga, RussiaAeroflot",Antonov An-12PLCCCP-11381,8/8(0)
08 Dec 1969,"Near Keratea, GreeceOlympic Airways",Douglas DC-6BSX-DAE,90/90(0)
10 Dec 1969,"Off Makhachkala , RussiaAeroflot",Ilyushin 14PCCCP-52010,17/17(0)
22 Dec 1969,"Nha Trang, VietnamAir Vietnam (South Vietnam)",Douglas DC-6BB-2005,10/77(24)
23 Dec 1969,"Near Luang Prabang, LaosLaos Air",Douglas C-47A-25-DKXW-TDJ,6/6(0)
