Date,Location / Operator,Aircraft Type / Registration,Fatalities
20 Jan 1992,"Mt. Saint-Odile, near Strasbourg, FranceAir Inter",Airbus A320-111F-GGED,87/96(0)
28 Jan 1992,"Near Stepanakert, AzerbaijanMilitary - Azerbaijan Air Force",Mil Mi-8 (helicopter)?,47/47(0)
03 Feb 1992,"Caetite, BrazilNordeste Linhas Aéreas",Embraer 110C BandeirantePT-TBB,12/12(0)
06 Feb 1992,"Evansville, IndianaMilitary - US Air Force",Lockheed C-130B Hercules58-0732,5/5(12)
09 Feb 1992,"Near Kafountine, SenegalGambcrest",Convair CV- 640N862FW,30/56(0)
15 Feb 1992,"Toledo, OhioATI",McDonnell Douglas DC-8-63FN794AL,3/4(0)
20 Feb 1992,En route from Argentina to CaliforniaAerolineas Argentinas,Boeing B-747?,1/?(0)
02 Mar 1992,"Beni, BoliviaFrigorifico Santa Rita",Curtiss C-46TCP-754,5/5(0)
12 Mar 1992,"Etsouali, CongoLina Congo",de Havilland Canada DHC-6 Twin Otter 300TN-ACX,3/8(0)
22 Mar 1992,"La Guardia Airport, New York, New YorkUSAir",Fokker F-28 Fellowship 4000N485US,27/51(0)
24 Mar 1992,"Athens, GreeceGolden Star Air Cargo",Boeing 707-321CST-ALX,7/7(0)
04 Apr 1992,"Near Baikov, RussiaKamchatavia",Let 410UVPCCCP-67130,1/12(0)
07 Apr 1992,"Near Sarra, LibyaAir Bissau",Antonov AN-24RVJ5-GAE,3/13(0)
10 Apr 1992,"Off Orchid Island, TaiwanTaiwan Airlines",Britten Norman BN-2A-26 TrislanderB-11116,7/10(0)
14 Apr 1992,"Nairobi, KenyaMilitary - Kenyan Air Force",de Havilland DHC-5 Buffalo218,46/46(6)
16 Apr 1992,"Near Goroka, Papua New GuineaTalair",Embraer 110P1 BandeiranteP2-RDS,11/15(0)
22 Apr 1992,"Perris Valley, CaliforniaPerris Valley Aviation",de Havilland Canada DHC-6 Twin Otter 200N141PV,16/22(0)
22 Apr 1992,"Mt. Haleakala, HawaiiScenic Air Tours",Beechcraft E18SN342E,9/9(0)
26 Apr 1992,"Saveh, IranSaha Airline Services",Fokker F-27 Friendship 400M5-8815,39/39(0)
06 Jun 1992,"Tucuti, PanamaCOPA (Panama)",Boeing B-737-204HP-1205,47/47(0)
07 Jun 1992,"Mayaguez, Puerto RicoAmerican Eagle",CASA 212 Aviocar 200N355CA,5/5(0)
22 Jun 1992,"Cruzeiro do Sul, BrazilVASP",Boeing 737-2A1CPP-SND,3/3(0)
22 Jun 1992,"Norlisk, RussiaKrasnoyarsk Airlines",Antonov AN-12CCCP-11896,10/12(0)
05 Jul 1992,"Near Iyakochchi, Sri LankaMilitary - Sri Lanka Air Force",Shaanxi Y-8DCR872,19/19(0)
13 Jul 1992,"Bethel, AlaskaArctic Circle Air Service",Shorts SC-7 Skyvan 3A-200N20086,1/1(0)
14 Jul 1992,"Near Nakhichevan, AzerbaijanMilitary - Russian Air Force",Antonov AN-12VCCCP-11111,29/34(0)
14 Jul 1992,"Near Bir Fadl, YemenMilitary - Unified Yemen Air Force",Antonov An-12?,57/57(0)
20 Jul 1992,"Tbilisi, GeorgiaGeorgian Air",Tupolev TU-154BCCCP-85222,24/24(4)
24 Jul 1992,"Mt. Lalaboy, IndonesiaMandala Airlines",Vickers Viscount 816PK-RVU,70/70(0)
24 Jul 1992,"Near Skopje, MacedoniaVolga-Dnepr Airlines",Antonov 12BKCCCP-11342,8/8(0)
27 Jul 1992,"Near Mexico City, MexicoAero Eslava",Vickers 798D ViscountXA-SCM,4/4(0)
30 Jul 1992,"JFK Airport, New York, New YorkTrans World Airlines",Lockheed L-1011N11002,0/292(0)
31 Jul 1992,"Near Kathmandu, NepalThai Airways",Airbus A310-304HS-TID,113/113(0)
31 Jul 1992,"Nanjing, Jiangsu, ChinaChina General Aviation Corporation",Yakovlev YAK-42DB-2755,108/126(0)
21 Aug 1992,"Colorado, BoliviaServicios Aereos Santa Ana",Convair CV-440-80CP-1961,10/10(0)
25 Aug 1992,"Hot Springs, ArizonaLone Star Airlines",Swearingen SA-227AC Metro IIIN342AE,3/3(0)
27 Aug 1992,"Near Ivanovo, RussiaAeroflot",Tupolev TU-134ACCCP-65058,84/84(0)
27 Aug 1992,"Gimli, Manitoba, CanadaNewCal Aviation",de Havilland Canada DHC-4T CaribouN400NC,3/3(0)
27 Aug 1992,"Near Iquitos, PeruMilitary - Peruvian Air Force - TANS",de Havilland Canada DHC-6 Twin Otter 300FAP304,8/41(0)
31 Aug 1992,"Jamba, AngolaProfessional Aviation Services",Douglas DC-3ZS-DHX,3/17(0)
10 Sep 1992,"Bellavista, PeruExpresso Aéreo",Fokker F-27 Friendship 500OB-1443,1/43(1)
12 Sep 1992,"Kozyrevsk, RussiaKamchatka Airlines",Mil Mi-8 (helicopter)RA-22738,9/16(0)
16 Sep 1992,"Hana, HawaiiAir Taxi - Hawaii Helicopters Inc.",Aerospatiale AS-350BN350SM,7/7(0)
18 Sep 1992,"Off Curacao, Netherlands AntillesAero Ejecutivos",Douglas C-118AYV-502C,3/3(0)
19 Sep 1992,"Bogota, ColombiaAvesca Colombia",Curtiss C-46F-1-CUHK-3468X,11/11(0)
21 Sep 1992,"Near Kular, RussiaYakutavia",Mil Mi-8 (helicopter)RA-22651,10/10(0)
26 Sep 1992,"Near Lagos, NigeriaMilitary - Federal Nigerian Air Force",Lockheed C-130HNAF911,158/158(0)
28 Sep 1992,"Near Kathmandu, NepalPakistan International Airlines",Airbus A300B4-203AP-BCP,167/167(0)
04 Oct 1992,"Amsterdam, NetherlandsEl Al",Boeing B-747-258F4X-AXG,4/4(39)
07 Oct 1992,"Berkeley Springs, West VirginiaMiltiary - U.S. Airforce",Lockheed C-130E Hercules63-7881,6/6(0)
08 Oct 1992,"Near Dingxi, ChinaWuhan Airlines",Avia 14M-40B-4211,14/35(0)
09 Oct 1992,"Mogadiscio, SomaliaKiev Production Association",Antonov 32CCCP-48088,1/13(0)
18 Oct 1992,"Near Garut, Jawa, IndonesiaMerpati Nusantara Airlines",CASA 235-10PK-MNN,31/31(0)
19 Oct 1992,"Near Usti Nem, RussiaSyktyvkar Avia",Antonov AN-28CCCP-28785,15/16(0)
21 Oct 1992,"Near Lake Caballochoa, PeruMilitary - Peruvian Air Force",de Havilland Canada DHC-6 Twin Otter 300FAP306,8/11(0)
29 Oct 1992,"Chita, RussiaAeroflot",Antonov AN-8CCCP-69346,13/14(0)
11 Nov 1992,"Off Bombay, IndiaMilitary - Indian Air Force",Mil Mi-8 (helicopter)?,20/20(0)
11 Nov 1992,"Near Tver, RussiaMilitary - Russian Air Force",Antonov AN-22ACCCP-09303,33/33(0)
14 Nov 1992,"Near Nha Trang, VietnamVietnam Airlines",Yakovlev YAK-40VN-A449,30/31(0)
15 Nov 1992,"Near Porto Plata, Dominican RepublicAerocaribbean - Charter",Ilyushin IL-18DCU-T1270,34/34(0)
24 Nov 1992,"Near Guilin, ChinaChina Southern Airlines",Boeing B-737-3Y0B-2523,141/141(0)
30 Nov 1992,"Near Harlem, MontanaMilitary - U.S. Air Force / Military - U.S. Air Force",Lockheed C-141B / Lockheed C141B650255/660142,13/13(0)
09 Dec 1992,"Uruapan, MexicoAero Sudpacifico",Britten-Norman BN-2B-27 IslanderXA-RML,9/9(0)
13 Dec 1992,"Goma, CongoScibe Airlift Cargo Zaire",Fokker F-27 Friendship 400M9Q-CBH,37/37(0)
14 Dec 1992,"Lata, GeorgiaMilitary - Russian Air Force",Mil Mi 8T (helicopter)?,61/61(0)
21 Dec 1992,"Faro, Algarve, Portugalc Holland NV",McDonnell Douglas DC-10-30CFPH-MBN,56/340(0)
22 Dec 1992,"Tripoli, LibyaLibya Arab Airlines / Military - Libya Air Force",Boeing B-727-2L5 / MiG23UB5A-DIA,157/157(0)
